,date,description,id,length overall (LOA),price,propulsion type,title,url
0,2016-11-21 09:17,2008 SEADOO SPEEDSTER 2 X 215 HP SUPERCHARGED INTERCOOLED ENGINES 430 HP TOTAL FACTORY WAKE TOWER NEW BIMINI TOP OEM SEADOO BOAT COVER AM/FM CD RADIO W/ 4 MARINE SPEAKERS,5886225126,19,$12000,power,2008 SEADOO SPEEDSTER 200 430HP W/TOWER & BIMINI TOP,https://logan.craigslist.org/boa/5886225126.html
1,2016-11-21 08:54,"2002 Eliminator Fundeck 27 with a Mercruiser 496 Mag. Closed Coolant System The boat is in excellent condition. It runs out great with no leaks, smoking, rattles, or squeaks . It was well-maintained. you will definitely be pleased with the condition of this nice",5886223882,0,$16000,power,2002 Eliminator Fundeck 27 496 Mag Nice,https://logan.craigslist.org/boa/5886223882.html
2,2016-11-21 08:41,2005 Crownline 240ex Factory Tandem Axle Trailer Included Interior is in GREAT Condition Exterior is in Good Condition Factory Stereo Rear Ski Hook Head Factory Bimini Depth Gauge 2-Swim Ladders Factory Snap-in Carpet Mercruiser 350 Mag MPI 13 Person Capacity,5886222477,0,$20500,power,05 Crownline 240ex Deck Boat Inboard Clean w/Trailer,https://logan.craigslist.org/boa/5886222477.html
3,2016-12-17 18:31,"No web page for this address 404 Error _____________
( return to )
( craigslist )
( homepage? )
 ------------- 
       O 
        O   ^__^
         o  (oo)\_______
            (__)\       )\/\
                ||----w |
                ||     ||",5920986863,,$3000,,Mint Condition RXT GTX Sea Doos and Trailer from 2005,https://logan.craigslist.org//ogden.craigslist.org/boa/5920986863.html
4,2016-12-20 14:43,"No web page for this address 404 Error _____________
( return to )
( craigslist )
( homepage? )
 ------------- 
       O 
        O   ^__^
         o  (oo)\_______
            (__)\       )\/\
                ||----w |
                ||     ||",5927345945,,$62995,,2012 Malibu LLC 247 LSV,https://logan.craigslist.org//saltlakecity.craigslist.org/bod/5927345945.html
5,2016-12-19 18:49,"No web page for this address 404 Error _____________
( return to )
( craigslist )
( homepage? )
 ------------- 
       O 
        O   ^__^
         o  (oo)\_______
            (__)\       )\/\
                ||----w |
                ||     ||",5926261992,,$7000,,60' Skipperliner Houseboat - Salvage,https://logan.craigslist.org//saltlakecity.craigslist.org/boa/5926261992.html
6,2016-12-19 14:53,"No web page for this address 404 Error _____________
( return to )
( craigslist )
( homepage? )
 ------------- 
       O 
        O   ^__^
         o  (oo)\_______
            (__)\       )\/\
                ||----w |
                ||     ||",5925987906,,$49995,,2013 Monterey 234SS,https://logan.craigslist.org//saltlakecity.craigslist.org/bod/5925987906.html
7,2016-12-19 11:55,"No web page for this address 404 Error _____________
( return to )
( craigslist )
( homepage? )
 ------------- 
       O 
        O   ^__^
         o  (oo)\_______
            (__)\       )\/\
                ||----w |
                ||     ||",5910095252,,$32800,,2001 Sharpe Custom Houseboat,https://logan.craigslist.org//saltlakecity.craigslist.org/boa/5910095252.html
8,2016-12-19 10:28,"No web page for this address 404 Error _____________
( return to )
( craigslist )
( homepage? )
 ------------- 
       O 
        O   ^__^
         o  (oo)\_______
            (__)\       )\/\
                ||----w |
                ||     ||",5889465618,,$9200,,Boston Whaler,https://logan.craigslist.org//saltlakecity.craigslist.org/boa/5889465618.html
9,2016-12-19 04:05,"No web page for this address 404 Error _____________
( return to )
( craigslist )
( homepage? )
 ------------- 
       O 
        O   ^__^
         o  (oo)\_______
            (__)\       )\/\
                ||----w |
                ||     ||",5900553261,,$22500,,zzzz2010-Correct-Craft-Super-Air-Nautique-230,https://logan.craigslist.org//saltlakecity.craigslist.org/boa/5900553261.html
10,2016-12-18 20:10,"No web page for this address 404 Error _____________
( return to )
( craigslist )
( homepage? )
 ------------- 
       O 
        O   ^__^
         o  (oo)\_______
            (__)\       )\/\
                ||----w |
                ||     ||",5915210283,,$18500,,81' Eliminator Sprint Jet Boat,https://logan.craigslist.org//saltlakecity.craigslist.org/boa/5915210283.html
11,2016-12-17 14:29,"No web page for this address 404 Error _____________
( return to )
( craigslist )
( homepage? )
 ------------- 
       O 
        O   ^__^
         o  (oo)\_______
            (__)\       )\/\
                ||----w |
                ||     ||",5919628301,,,,2017 Sea Ray 260 Sundancer,https://logan.craigslist.org//saltlakecity.craigslist.org/boa/5919628301.html
12,2016-12-17 14:29,"No web page for this address 404 Error _____________
( return to )
( craigslist )
( homepage? )
 ------------- 
       O 
        O   ^__^
         o  (oo)\_______
            (__)\       )\/\
                ||----w |
                ||     ||",5919641718,,,,2016 Sea Ray 470 Sundancer,https://logan.craigslist.org//saltlakecity.craigslist.org/boa/5919641718.html
13,2016-12-17 14:29,"No web page for this address 404 Error _____________
( return to )
( craigslist )
( homepage? )
 ------------- 
       O 
        O   ^__^
         o  (oo)\_______
            (__)\       )\/\
                ||----w |
                ||     ||",5919673408,,,,2017 Sea Ray 280 Sundancer,https://logan.craigslist.org//saltlakecity.craigslist.org/boa/5919673408.html
14,2016-12-17 14:29,"No web page for this address 404 Error _____________
( return to )
( craigslist )
( homepage? )
 ------------- 
       O 
        O   ^__^
         o  (oo)\_______
            (__)\       )\/\
                ||----w |
                ||     ||",5919691706,,,,2004 Sea Ray 260 Sundancer,https://logan.craigslist.org//saltlakecity.craigslist.org/boa/5919691706.html
15,2016-12-16 07:12,"No web page for this address 404 Error _____________
( return to )
( craigslist )
( homepage? )
 ------------- 
       O 
        O   ^__^
         o  (oo)\_______
            (__)\       )\/\
                ||----w |
                ||     ||",5894559525,,$1595,,Houseboat Generator,https://logan.craigslist.org//saltlakecity.craigslist.org/boa/5894559525.html
16,2016-12-15 19:25,"No web page for this address 404 Error _____________
( return to )
( craigslist )
( homepage? )
 ------------- 
       O 
        O   ^__^
         o  (oo)\_______
            (__)\       )\/\
                ||----w |
                ||     ||",5921166618,,$9988,,Flybridge,https://logan.craigslist.org//saltlakecity.craigslist.org/boa/5921166618.html
17,2016-12-15 17:22,"No web page for this address 404 Error _____________
( return to )
( craigslist )
( homepage? )
 ------------- 
       O 
        O   ^__^
         o  (oo)\_______
            (__)\       )\/\
                ||----w |
                ||     ||",5921084701,,$125,,"2013 HARLEY DAVIDSON SPORTSTER 1200 XL Rear Shocks 11"" eye to eye",https://logan.craigslist.org//saltlakecity.craigslist.org/boa/5921084701.html
18,2016-12-15 10:30,"No web page for this address 404 Error _____________
( return to )
( craigslist )
( homepage? )
 ------------- 
       O 
        O   ^__^
         o  (oo)\_______
            (__)\       )\/\
                ||----w |
                ||     ||",5920481623,,$100,,Custom boat covers and upholstery,https://logan.craigslist.org//saltlakecity.craigslist.org/boa/5920481623.html
19,2016-12-15 08:11,"No web page for this address 404 Error _____________
( return to )
( craigslist )
( homepage? )
 ------------- 
       O 
        O   ^__^
         o  (oo)\_______
            (__)\       )\/\
                ||----w |
                ||     ||",5920290566,,$56500,,2015 MasterCraft Prostar 6.2L,https://logan.craigslist.org//saltlakecity.craigslist.org/boa/5920290566.html
20,2016-12-15 06:11,"No web page for this address 404 Error _____________
( return to )
( craigslist )
( homepage? )
 ------------- 
       O 
        O   ^__^
         o  (oo)\_______
            (__)\       )\/\
                ||----w |
                ||     ||",5878627394,,$9250,,Kawasaki SXR 1100 (800) -- Price Reduced!!,https://logan.craigslist.org//saltlakecity.craigslist.org/boa/5878627394.html
21,2016-12-14 11:27,"No web page for this address 404 Error _____________
( return to )
( craigslist )
( homepage? )
 ------------- 
       O 
        O   ^__^
         o  (oo)\_______
            (__)\       )\/\
                ||----w |
                ||     ||",5919229148,,$1200,,Fishing Boats,https://logan.craigslist.org//saltlakecity.craigslist.org/boa/5919229148.html
22,2016-12-13 20:24,"No web page for this address 404 Error _____________
( return to )
( craigslist )
( homepage? )
 ------------- 
       O 
        O   ^__^
         o  (oo)\_______
            (__)\       )\/\
                ||----w |
                ||     ||",5918530488,,$98900,,2015 Mastercraft X23,https://logan.craigslist.org//saltlakecity.craigslist.org/boa/5918530488.html
23,2016-12-13 12:41,"No web page for this address 404 Error _____________
( return to )
( craigslist )
( homepage? )
 ------------- 
       O 
        O   ^__^
         o  (oo)\_______
            (__)\       )\/\
                ||----w |
                ||     ||",5917954651,,$8150,,21' Eliminator Ski Boat,https://logan.craigslist.org//saltlakecity.craigslist.org/boa/5917954651.html
24,2016-12-11 19:58,"No web page for this address 404 Error _____________
( return to )
( craigslist )
( homepage? )
 ------------- 
       O 
        O   ^__^
         o  (oo)\_______
            (__)\       )\/\
                ||----w |
                ||     ||",5891815678,,$11900,,Bayliner 1997 Cuddy Cabin 23 ft,https://logan.craigslist.org//saltlakecity.craigslist.org/boa/5891815678.html
25,2016-12-11 15:16,"No web page for this address 404 Error _____________
( return to )
( craigslist )
( homepage? )
 ------------- 
       O 
        O   ^__^
         o  (oo)\_______
            (__)\       )\/\
                ||----w |
                ||     ||",5873187057,,$5000,,22 1/2 Bayliner & dual axle trailer! Priced to sale!,https://logan.craigslist.org//saltlakecity.craigslist.org/boa/5873187057.html
26,2016-12-10 10:24,"No web page for this address 404 Error _____________
( return to )
( craigslist )
( homepage? )
 ------------- 
       O 
        O   ^__^
         o  (oo)\_______
            (__)\       )\/\
                ||----w |
                ||     ||",5875039342,,$600,,Boat and trailer 16ft,https://logan.craigslist.org//saltlakecity.craigslist.org/boa/5875039342.html
27,2016-12-09 14:23,"No web page for this address 404 Error _____________
( return to )
( craigslist )
( homepage? )
 ------------- 
       O 
        O   ^__^
         o  (oo)\_______
            (__)\       )\/\
                ||----w |
                ||     ||",5912698590,,$9500,,1984 SeaRay Sundancer 245,https://logan.craigslist.org//saltlakecity.craigslist.org/boa/5912698590.html
28,2016-12-08 13:46,"No web page for this address 404 Error _____________
( return to )
( craigslist )
( homepage? )
 ------------- 
       O 
        O   ^__^
         o  (oo)\_______
            (__)\       )\/\
                ||----w |
                ||     ||",5911219639,,$3000,,85 larsen cabin cuddy boat inboard newer 305 moving must go.,https://logan.craigslist.org//saltlakecity.craigslist.org/boa/5911219639.html
29,2016-12-07 12:19,"No web page for this address 404 Error _____________
( return to )
( craigslist )
( homepage? )
 ------------- 
       O 
        O   ^__^
         o  (oo)\_______
            (__)\       )\/\
                ||----w |
                ||     ||",5909652267,,$700,,White boat,https://logan.craigslist.org//saltlakecity.craigslist.org/boa/5909652267.html
30,2016-12-07 11:21,"No web page for this address 404 Error _____________
( return to )
( craigslist )
( homepage? )
 ------------- 
       O 
        O   ^__^
         o  (oo)\_______
            (__)\       )\/\
                ||----w |
                ||     ||",5872180858,,$3500,,Sea Ray Seville Cuddy 19',https://logan.craigslist.org//saltlakecity.craigslist.org/boa/5872180858.html
31,2016-12-15 06:11,"No web page for this address 404 Error _____________
( return to )
( craigslist )
( homepage? )
 ------------- 
       O 
        O   ^__^
         o  (oo)\_______
            (__)\       )\/\
                ||----w |
                ||     ||",5878626337,,$9250,,Kawasaki SXR 1100 (800) -- Price Reduced!!,https://logan.craigslist.org//provo.craigslist.org/boa/5878626337.html
32,2016-12-13 13:20,"No web page for this address 404 Error _____________
( return to )
( craigslist )
( homepage? )
 ------------- 
       O 
        O   ^__^
         o  (oo)\_______
            (__)\       )\/\
                ||----w |
                ||     ||",5918017462,,$1500,,Fishing boat loaded with xtras,https://logan.craigslist.org//provo.craigslist.org/boa/5918017462.html
33,2016-12-10 15:19,"No web page for this address 404 Error _____________
( return to )
( craigslist )
( homepage? )
 ------------- 
       O 
        O   ^__^
         o  (oo)\_______
            (__)\       )\/\
                ||----w |
                ||     ||",5914107721,,$450,,Sundolphin excursion 12ss kayak,https://logan.craigslist.org//provo.craigslist.org/boa/5914107721.html
34,2016-12-09 12:36,"No web page for this address 404 Error _____________
( return to )
( craigslist )
( homepage? )
 ------------- 
       O 
        O   ^__^
         o  (oo)\_______
            (__)\       )\/\
                ||----w |
                ||     ||",5912493362,,$19,,*Wicked* 540ci / 1300HP Twin Eaton Blowers with EFI,https://logan.craigslist.org//provo.craigslist.org/boa/5912493362.html
35,2016-12-07 10:19,"No web page for this address 404 Error _____________
( return to )
( craigslist )
( homepage? )
 ------------- 
       O 
        O   ^__^
         o  (oo)\_______
            (__)\       )\/\
                ||----w |
                ||     ||",5909437533,,$16000,,21 foot Tahoe Deck boat,https://logan.craigslist.org//provo.craigslist.org/boa/5909437533.html
36,2016-12-06 00:40,"No web page for this address 404 Error _____________
( return to )
( craigslist )
( homepage? )
 ------------- 
       O 
        O   ^__^
         o  (oo)\_______
            (__)\       )\/\
                ||----w |
                ||     ||",5907443247,,,,Lifeline New Balistic Shorts and Shoes,https://logan.craigslist.org//provo.craigslist.org/boa/5907443247.html
37,2016-12-20 11:30,"No web page for this address 404 Error _____________
( return to )
( craigslist )
( homepage? )
 ------------- 
       O 
        O   ^__^
         o  (oo)\_______
            (__)\       )\/\
                ||----w |
                ||     ||",5895870485,,$3900,,STARCRAFT 25 FOOT,https://logan.craigslist.org//eastidaho.craigslist.org/boa/5895870485.html
38,2016-12-19 08:19,"No web page for this address 404 Error _____________
( return to )
( craigslist )
( homepage? )
 ------------- 
       O 
        O   ^__^
         o  (oo)\_______
            (__)\       )\/\
                ||----w |
                ||     ||",5894391743,,$7000,,Jet skis,https://logan.craigslist.org//eastidaho.craigslist.org/boa/5894391743.html
39,2016-12-16 21:16,"No web page for this address 404 Error _____________
( return to )
( craigslist )
( homepage? )
 ------------- 
       O 
        O   ^__^
         o  (oo)\_______
            (__)\       )\/\
                ||----w |
                ||     ||",5906432660,,$1300,,16ft aluminum boat with trailer and 20hp johnson motor,https://logan.craigslist.org//eastidaho.craigslist.org/boa/5906432660.html
40,2016-12-16 21:15,"No web page for this address 404 Error _____________
( return to )
( craigslist )
( homepage? )
 ------------- 
       O 
        O   ^__^
         o  (oo)\_______
            (__)\       )\/\
                ||----w |
                ||     ||",5906414081,,$1000,,1994 750 Jet Ski,https://logan.craigslist.org//eastidaho.craigslist.org/boa/5906414081.html
41,2016-12-16 21:15,"No web page for this address 404 Error _____________
( return to )
( craigslist )
( homepage? )
 ------------- 
       O 
        O   ^__^
         o  (oo)\_______
            (__)\       )\/\
                ||----w |
                ||     ||",5906423216,,$500,,duck boat and trailer with mudder motor and decoys,https://logan.craigslist.org//eastidaho.craigslist.org/boa/5906423216.html
42,2016-12-16 20:14,"No web page for this address 404 Error _____________
( return to )
( craigslist )
( homepage? )
 ------------- 
       O 
        O   ^__^
         o  (oo)\_______
            (__)\       )\/\
                ||----w |
                ||     ||",5922566798,,$3850,,Aluminum Boat,https://logan.craigslist.org//eastidaho.craigslist.org/boa/5922566798.html
43,2016-12-16 20:13,"No web page for this address 404 Error _____________
( return to )
( craigslist )
( homepage? )
 ------------- 
       O 
        O   ^__^
         o  (oo)\_______
            (__)\       )\/\
                ||----w |
                ||     ||",5922565765,,$3850,,Aluminum Boat,https://logan.craigslist.org//eastidaho.craigslist.org/boa/5922565765.html
44,2016-12-16 05:45,"No web page for this address 404 Error _____________
( return to )
( craigslist )
( homepage? )
 ------------- 
       O 
        O   ^__^
         o  (oo)\_______
            (__)\       )\/\
                ||----w |
                ||     ||",5921477526,,$8000,,Immaculate Fishing Boat - Dinghy,https://logan.craigslist.org//eastidaho.craigslist.org/boa/5921477526.html
45,2016-12-15 22:44,"No web page for this address 404 Error _____________
( return to )
( craigslist )
( homepage? )
 ------------- 
       O 
        O   ^__^
         o  (oo)\_______
            (__)\       )\/\
                ||----w |
                ||     ||",5921336982,,,,Boat trailer repair,https://logan.craigslist.org//eastidaho.craigslist.org/boa/5921336982.html
46,2016-12-15 14:47,"No web page for this address 404 Error _____________
( return to )
( craigslist )
( homepage? )
 ------------- 
       O 
        O   ^__^
         o  (oo)\_______
            (__)\       )\/\
                ||----w |
                ||     ||",5901413127,,$1,,Small engine Mechanic Wanted,https://logan.craigslist.org//eastidaho.craigslist.org/boa/5901413127.html
47,2016-12-14 22:48,"No web page for this address 404 Error _____________
( return to )
( craigslist )
( homepage? )
 ------------- 
       O 
        O   ^__^
         o  (oo)\_______
            (__)\       )\/\
                ||----w |
                ||     ||",5920007414,,$20000,,2000 19' Thunder Jet Luxor,https://logan.craigslist.org//eastidaho.craigslist.org/boa/5920007414.html
48,2016-12-14 20:38,"No web page for this address 404 Error _____________
( return to )
( craigslist )
( homepage? )
 ------------- 
       O 
        O   ^__^
         o  (oo)\_______
            (__)\       )\/\
                ||----w |
                ||     ||",5919925644,,$4200,,1989 Starfire West Port 265,https://logan.craigslist.org//eastidaho.craigslist.org/boa/5919925644.html
49,2016-12-12 13:56,"No web page for this address 404 Error _____________
( return to )
( craigslist )
( homepage? )
 ------------- 
       O 
        O   ^__^
         o  (oo)\_______
            (__)\       )\/\
                ||----w |
                ||     ||",5916617827,,$7995,,1998 Glastron 195 SRV,https://logan.craigslist.org//eastidaho.craigslist.org/boa/5916617827.html
50,2016-12-12 06:27,"No web page for this address 404 Error _____________
( return to )
( craigslist )
( homepage? )
 ------------- 
       O 
        O   ^__^
         o  (oo)\_______
            (__)\       )\/\
                ||----w |
                ||     ||",5915907652,,$55555,,Aluminum fishing boats,https://logan.craigslist.org//eastidaho.craigslist.org/boa/5915907652.html
51,2016-12-12 06:26,"No web page for this address 404 Error _____________
( return to )
( craigslist )
( homepage? )
 ------------- 
       O 
        O   ^__^
         o  (oo)\_______
            (__)\       )\/\
                ||----w |
                ||     ||",5915907092,,$999999,,OUT BOARD JETS,https://logan.craigslist.org//eastidaho.craigslist.org/boa/5915907092.html
52,2016-12-11 13:33,"No web page for this address 404 Error _____________
( return to )
( craigslist )
( homepage? )
 ------------- 
       O 
        O   ^__^
         o  (oo)\_______
            (__)\       )\/\
                ||----w |
                ||     ||",5890969143,,$7500,,1975 BBC Eliminator Jet Boat,https://logan.craigslist.org//eastidaho.craigslist.org/boa/5890969143.html
53,2016-12-10 14:57,"No web page for this address 404 Error _____________
( return to )
( craigslist )
( homepage? )
 ------------- 
       O 
        O   ^__^
         o  (oo)\_______
            (__)\       )\/\
                ||----w |
                ||     ||",5914102172,,$16500,,2008 Weldcraft 17.5 Angler 75 Horse Yamaha Four Stroke,https://logan.craigslist.org//eastidaho.craigslist.org/boa/5914102172.html
54,2016-12-10 08:21,"No web page for this address 404 Error _____________
( return to )
( craigslist )
( homepage? )
 ------------- 
       O 
        O   ^__^
         o  (oo)\_______
            (__)\       )\/\
                ||----w |
                ||     ||",5913493312,,$10000,,Boat for sale: Unique Crestliner Sled,https://logan.craigslist.org//eastidaho.craigslist.org/boa/5913493312.html
55,2016-12-09 10:33,"No web page for this address 404 Error _____________
( return to )
( craigslist )
( homepage? )
 ------------- 
       O 
        O   ^__^
         o  (oo)\_______
            (__)\       )\/\
                ||----w |
                ||     ||",5869772878,,$4000,,Jet Boat,https://logan.craigslist.org//eastidaho.craigslist.org/boa/5869772878.html
56,2016-12-06 22:54,"No web page for this address 404 Error _____________
( return to )
( craigslist )
( homepage? )
 ------------- 
       O 
        O   ^__^
         o  (oo)\_______
            (__)\       )\/\
                ||----w |
                ||     ||",5883227019,,$4600,,Aluminum high side drift boat,https://logan.craigslist.org//eastidaho.craigslist.org/boa/5883227019.html
57,2016-12-06 07:52,"No web page for this address 404 Error _____________
( return to )
( craigslist )
( homepage? )
 ------------- 
       O 
        O   ^__^
         o  (oo)\_______
            (__)\       )\/\
                ||----w |
                ||     ||",5907691283,,$500,,"Kayak, 13.5 ft Dagger Blackwater 2 tandem",https://logan.craigslist.org//eastidaho.craigslist.org/boa/5907691283.html
58,2016-12-05 11:13,"No web page for this address 404 Error _____________
( return to )
( craigslist )
( homepage? )
 ------------- 
       O 
        O   ^__^
         o  (oo)\_______
            (__)\       )\/\
                ||----w |
                ||     ||",5906504160,,$4000,,Drift Boat,https://logan.craigslist.org//eastidaho.craigslist.org/boa/5906504160.html
59,2016-12-05 07:31,"No web page for this address 404 Error _____________
( return to )
( craigslist )
( homepage? )
 ------------- 
       O 
        O   ^__^
         o  (oo)\_______
            (__)\       )\/\
                ||----w |
                ||     ||",5874437031,,$75,,Block plate and flywheel for jet pump,https://logan.craigslist.org//eastidaho.craigslist.org/boa/5874437031.html
60,2016-12-20 14:38,"No web page for this address 404 Error _____________
( return to )
( craigslist )
( homepage? )
 ------------- 
       O 
        O   ^__^
         o  (oo)\_______
            (__)\       )\/\
                ||----w |
                ||     ||",5887057934,,$265,,Solo 9'5 Sit-On-Top Kayak,https://logan.craigslist.org//twinfalls.craigslist.org/boa/5887057934.html
61,2016-12-18 06:57,"No web page for this address 404 Error _____________
( return to )
( craigslist )
( homepage? )
 ------------- 
       O 
        O   ^__^
         o  (oo)\_______
            (__)\       )\/\
                ||----w |
                ||     ||",5924076986,,$1100,,Fishing boat,https://logan.craigslist.org//twinfalls.craigslist.org/boa/5924076986.html
62,2016-12-16 09:53,"No web page for this address 404 Error _____________
( return to )
( craigslist )
( homepage? )
 ------------- 
       O 
        O   ^__^
         o  (oo)\_______
            (__)\       )\/\
                ||----w |
                ||     ||",5921771145,,$6500,,Boat,https://logan.craigslist.org//twinfalls.craigslist.org/boa/5921771145.html
63,2016-12-16 09:03,"No web page for this address 404 Error _____________
( return to )
( craigslist )
( homepage? )
 ------------- 
       O 
        O   ^__^
         o  (oo)\_______
            (__)\       )\/\
                ||----w |
                ||     ||",5879735086,,$3900,,STARCRAFT 25 FOOT,https://logan.craigslist.org//twinfalls.craigslist.org/boa/5879735086.html
64,2016-12-15 19:14,"No web page for this address 404 Error _____________
( return to )
( craigslist )
( homepage? )
 ------------- 
       O 
        O   ^__^
         o  (oo)\_______
            (__)\       )\/\
                ||----w |
                ||     ||",5921192488,,$500,,Seadoo,https://logan.craigslist.org//twinfalls.craigslist.org/boa/5921192488.html
65,2016-12-15 16:43,"No web page for this address 404 Error _____________
( return to )
( craigslist )
( homepage? )
 ------------- 
       O 
        O   ^__^
         o  (oo)\_______
            (__)\       )\/\
                ||----w |
                ||     ||",5883910847,,$3300,,16' cobalt tri hull,https://logan.craigslist.org//twinfalls.craigslist.org/boa/5883910847.html
66,2016-12-14 20:47,"No web page for this address 404 Error _____________
( return to )
( craigslist )
( homepage? )
 ------------- 
       O 
        O   ^__^
         o  (oo)\_______
            (__)\       )\/\
                ||----w |
                ||     ||",5919931869,,$4200,,1989 Starfire ind 26' westport,https://logan.craigslist.org//twinfalls.craigslist.org/boa/5919931869.html
67,2016-12-14 14:48,"No web page for this address 404 Error _____________
( return to )
( craigslist )
( homepage? )
 ------------- 
       O 
        O   ^__^
         o  (oo)\_______
            (__)\       )\/\
                ||----w |
                ||     ||",5919554430,,$1200,,1981 16 ft lund with trailer,https://logan.craigslist.org//twinfalls.craigslist.org/boa/5919554430.html
68,2016-12-13 12:47,"No web page for this address 404 Error _____________
( return to )
( craigslist )
( homepage? )
 ------------- 
       O 
        O   ^__^
         o  (oo)\_______
            (__)\       )\/\
                ||----w |
                ||     ||",5917964663,,$73500,,Phoenix 921 PHX,https://logan.craigslist.org//twinfalls.craigslist.org/boa/5917964663.html
69,2016-12-12 00:14,"No web page for this address 404 Error _____________
( return to )
( craigslist )
( homepage? )
 ------------- 
       O 
        O   ^__^
         o  (oo)\_______
            (__)\       )\/\
                ||----w |
                ||     ||",5888637980,,$1500,,12ft aluminum fishing boat with lots of goodies,https://logan.craigslist.org//twinfalls.craigslist.org/boa/5888637980.html
70,2016-12-12 00:14,"No web page for this address 404 Error _____________
( return to )
( craigslist )
( homepage? )
 ------------- 
       O 
        O   ^__^
         o  (oo)\_______
            (__)\       )\/\
                ||----w |
                ||     ||",5890020217,,$1500,,12ft aluminum fishing boat with lots of goodies,https://logan.craigslist.org//twinfalls.craigslist.org/boa/5890020217.html
71,2016-12-10 14:05,"No web page for this address 404 Error _____________
( return to )
( craigslist )
( homepage? )
 ------------- 
       O 
        O   ^__^
         o  (oo)\_______
            (__)\       )\/\
                ||----w |
                ||     ||",5914030133,,$50,,Float Tubes,https://logan.craigslist.org//twinfalls.craigslist.org/boa/5914030133.html
72,2016-12-06 14:55,"No web page for this address 404 Error _____________
( return to )
( craigslist )
( homepage? )
 ------------- 
       O 
        O   ^__^
         o  (oo)\_______
            (__)\       )\/\
                ||----w |
                ||     ||",5908401834,,$850,,16 foot Riviera,https://logan.craigslist.org//twinfalls.craigslist.org/boa/5908401834.html
73,2016-12-06 02:56,"No web page for this address 404 Error _____________
( return to )
( craigslist )
( homepage? )
 ------------- 
       O 
        O   ^__^
         o  (oo)\_______
            (__)\       )\/\
                ||----w |
                ||     ||",5878735535,,$5500,,1990 sea swirl Sable 21 ft.,https://logan.craigslist.org//twinfalls.craigslist.org/boa/5878735535.html
74,2016-12-05 12:35,"No web page for this address 404 Error _____________
( return to )
( craigslist )
( homepage? )
 ------------- 
       O 
        O   ^__^
         o  (oo)\_______
            (__)\       )\/\
                ||----w |
                ||     ||",5906652318,,$1000,,14 foot aluminum boat,https://logan.craigslist.org//twinfalls.craigslist.org/boa/5906652318.html
75,2016-12-05 00:39,"No web page for this address 404 Error _____________
( return to )
( craigslist )
( homepage? )
 ------------- 
       O 
        O   ^__^
         o  (oo)\_______
            (__)\       )\/\
                ||----w |
                ||     ||",5905911899,,$675,,Aluminum fishing boat,https://logan.craigslist.org//twinfalls.craigslist.org/boa/5905911899.html
76,2016-12-19 19:34,"No web page for this address 404 Error _____________
( return to )
( craigslist )
( homepage? )
 ------------- 
       O 
        O   ^__^
         o  (oo)\_______
            (__)\       )\/\
                ||----w |
                ||     ||",5892072890,,$8000,,1994 Four Winns Horizon 180 SE,https://logan.craigslist.org//wyoming.craigslist.org/boa/5892072890.html
77,2016-12-19 19:17,"No web page for this address 404 Error _____________
( return to )
( craigslist )
( homepage? )
 ------------- 
       O 
        O   ^__^
         o  (oo)\_______
            (__)\       )\/\
                ||----w |
                ||     ||",5926288108,,$6495,,"2002 Hyde 14'6"" Aluminum Drift Boat - Low Pro - Loaded",https://logan.craigslist.org//wyoming.craigslist.org/boa/5926288108.html
78,2016-12-19 16:58,"No web page for this address 404 Error _____________
( return to )
( craigslist )
( homepage? )
 ------------- 
       O 
        O   ^__^
         o  (oo)\_______
            (__)\       )\/\
                ||----w |
                ||     ||",5909904347,,$5000,,Restored Glastron Carlson,https://logan.craigslist.org//wyoming.craigslist.org/boa/5909904347.html
79,2016-12-18 10:56,"No web page for this address 404 Error _____________
( return to )
( craigslist )
( homepage? )
 ------------- 
       O 
        O   ^__^
         o  (oo)\_______
            (__)\       )\/\
                ||----w |
                ||     ||",5888637108,,$1200,,1991 Johnson Outboard,https://logan.craigslist.org//wyoming.craigslist.org/boa/5888637108.html
80,2016-12-18 10:33,"No web page for this address 404 Error _____________
( return to )
( craigslist )
( homepage? )
 ------------- 
       O 
        O   ^__^
         o  (oo)\_______
            (__)\       )\/\
                ||----w |
                ||     ||",5890613114,,$1000,,14' Lowe Jon boat,https://logan.craigslist.org//wyoming.craigslist.org/boa/5890613114.html
81,2016-12-17 15:08,"No web page for this address 404 Error _____________
( return to )
( craigslist )
( homepage? )
 ------------- 
       O 
        O   ^__^
         o  (oo)\_______
            (__)\       )\/\
                ||----w |
                ||     ||",5923539824,,$25000,,2004 SEA RAY,https://logan.craigslist.org//wyoming.craigslist.org/boa/5923539824.html
82,2016-12-17 13:59,"No web page for this address 404 Error _____________
( return to )
( craigslist )
( homepage? )
 ------------- 
       O 
        O   ^__^
         o  (oo)\_______
            (__)\       )\/\
                ||----w |
                ||     ||",5923428186,,$7900,,Caravelle Bow Rider,https://logan.craigslist.org//wyoming.craigslist.org/boa/5923428186.html
83,2016-12-17 11:00,"No web page for this address 404 Error _____________
( return to )
( craigslist )
( homepage? )
 ------------- 
       O 
        O   ^__^
         o  (oo)\_______
            (__)\       )\/\
                ||----w |
                ||     ||",5916331171,,$83999,,2014 Malibu Wakesetter 23 LSV,https://logan.craigslist.org//wyoming.craigslist.org/boa/5916331171.html
84,2016-12-16 16:07,"No web page for this address 404 Error _____________
( return to )
( craigslist )
( homepage? )
 ------------- 
       O 
        O   ^__^
         o  (oo)\_______
            (__)\       )\/\
                ||----w |
                ||     ||",5899187854,,,,Canoe For Sale,https://logan.craigslist.org//wyoming.craigslist.org/boa/5899187854.html
85,2016-12-16 16:07,"No web page for this address 404 Error _____________
( return to )
( craigslist )
( homepage? )
 ------------- 
       O 
        O   ^__^
         o  (oo)\_______
            (__)\       )\/\
                ||----w |
                ||     ||",5899186410,,$300,,Snark Sailboat,https://logan.craigslist.org//wyoming.craigslist.org/boa/5899186410.html
86,2016-12-15 17:47,"No web page for this address 404 Error _____________
( return to )
( craigslist )
( homepage? )
 ------------- 
       O 
        O   ^__^
         o  (oo)\_______
            (__)\       )\/\
                ||----w |
                ||     ||",5921111122,,$89995,,2015 Malibu WakesetterÂ® 22 MXZ,https://logan.craigslist.org//wyoming.craigslist.org/boa/5921111122.html
87,2016-12-14 14:28,"No web page for this address 404 Error _____________
( return to )
( craigslist )
( homepage? )
 ------------- 
       O 
        O   ^__^
         o  (oo)\_______
            (__)\       )\/\
                ||----w |
                ||     ||",5902794420,,$9000,,17.5 FT Glastron,https://logan.craigslist.org//wyoming.craigslist.org/boa/5902794420.html
88,2016-12-14 12:42,"No web page for this address 404 Error _____________
( return to )
( craigslist )
( homepage? )
 ------------- 
       O 
        O   ^__^
         o  (oo)\_______
            (__)\       )\/\
                ||----w |
                ||     ||",5919366617,,$6000,,Master Craft Inboard Boat,https://logan.craigslist.org//wyoming.craigslist.org/boa/5919366617.html
89,2016-12-14 11:45,"No web page for this address 404 Error _____________
( return to )
( craigslist )
( homepage? )
 ------------- 
       O 
        O   ^__^
         o  (oo)\_______
            (__)\       )\/\
                ||----w |
                ||     ||",5912542062,,,,2014 Four Winns H190,https://logan.craigslist.org//wyoming.craigslist.org/boa/5912542062.html
90,2016-12-13 18:15,"No web page for this address 404 Error _____________
( return to )
( craigslist )
( homepage? )
 ------------- 
       O 
        O   ^__^
         o  (oo)\_______
            (__)\       )\/\
                ||----w |
                ||     ||",5918380474,,$7199,,2012 Clackacraft Eddy drift boat w/ trailer (refurbished this spring),https://logan.craigslist.org//wyoming.craigslist.org/boa/5918380474.html
91,2016-12-13 16:11,"No web page for this address 404 Error _____________
( return to )
( craigslist )
( homepage? )
 ------------- 
       O 
        O   ^__^
         o  (oo)\_______
            (__)\       )\/\
                ||----w |
                ||     ||",5876481736,,$450,,boat motor,https://logan.craigslist.org//wyoming.craigslist.org/boa/5876481736.html
92,2016-12-13 13:25,"No web page for this address 404 Error _____________
( return to )
( craigslist )
( homepage? )
 ------------- 
       O 
        O   ^__^
         o  (oo)\_______
            (__)\       )\/\
                ||----w |
                ||     ||",5917998061,,$73500,,Phoenix 921 PHX,https://logan.craigslist.org//wyoming.craigslist.org/boa/5917998061.html
93,2016-12-12 08:16,"No web page for this address 404 Error _____________
( return to )
( craigslist )
( homepage? )
 ------------- 
       O 
        O   ^__^
         o  (oo)\_______
            (__)\       )\/\
                ||----w |
                ||     ||",5880205124,,$13900,,1998 Glastron GS205 21ft Boat,https://logan.craigslist.org//wyoming.craigslist.org/boa/5880205124.html
94,2016-12-11 21:11,"No web page for this address 404 Error _____________
( return to )
( craigslist )
( homepage? )
 ------------- 
       O 
        O   ^__^
         o  (oo)\_______
            (__)\       )\/\
                ||----w |
                ||     ||",5872891260,,$2400,,'73 Starcraft,https://logan.craigslist.org//wyoming.craigslist.org/boa/5872891260.html
95,2016-12-11 19:41,"No web page for this address 404 Error _____________
( return to )
( craigslist )
( homepage? )
 ------------- 
       O 
        O   ^__^
         o  (oo)\_______
            (__)\       )\/\
                ||----w |
                ||     ||",5915599254,,$9000,,1996 Bayliner Capri Classic 1950,https://logan.craigslist.org//wyoming.craigslist.org/boa/5915599254.html
96,2016-12-11 08:14,"No web page for this address 404 Error _____________
( return to )
( craigslist )
( homepage? )
 ------------- 
       O 
        O   ^__^
         o  (oo)\_______
            (__)\       )\/\
                ||----w |
                ||     ||",5914767105,,$280,,Paddle Boards (SUP),https://logan.craigslist.org//wyoming.craigslist.org/boa/5914767105.html
97,2016-12-10 02:26,"No web page for this address 404 Error _____________
( return to )
( craigslist )
( homepage? )
 ------------- 
       O 
        O   ^__^
         o  (oo)\_______
            (__)\       )\/\
                ||----w |
                ||     ||",5873922955,,,,Invader ski boat,https://logan.craigslist.org//wyoming.craigslist.org/boa/5873922955.html
98,2016-12-08 18:40,"No web page for this address 404 Error _____________
( return to )
( craigslist )
( homepage? )
 ------------- 
       O 
        O   ^__^
         o  (oo)\_______
            (__)\       )\/\
                ||----w |
                ||     ||",5911591701,,$2300,,1995 Jon boat,https://logan.craigslist.org//wyoming.craigslist.org/boa/5911591701.html
99,2016-12-08 10:37,"No web page for this address 404 Error _____________
( return to )
( craigslist )
( homepage? )
 ------------- 
       O 
        O   ^__^
         o  (oo)\_______
            (__)\       )\/\
                ||----w |
                ||     ||",5910909607,,$4300,,1994 sylvan sea monster,https://logan.craigslist.org//wyoming.craigslist.org/boa/5910909607.html
